"Date","RegionName","State","SizeRank","Zri","MoM","QoQ","YoY","ZriRecordCnt"
2020-01-31,"United States",,0,1602,0.0005,0.0017,0.0229,104715144
2020-01-31,"New York, NY","NY",1,2297,-0.0009,-0.0002,0.0171,5313161
2020-01-31,"Los Angeles-Long Beach-Anaheim, CA","CA",2,2625,-0.0024,0.0061,0.0177,3238517
2020-01-31,"Chicago, IL","IL",3,1590,-0.0058,-0.0071,0.0123,2950429
2020-01-31,"Dallas-Fort Worth, TX","TX",4,1465,-0.0009,0.0078,0.0229,2368100
2020-01-31,"Philadelphia, PA","PA",5,1518,0.0048,0.0021,0.0326,2113172
2020-01-31,"Houston, TX","TX",6,1402,0.0008,0.0129,0.0087,2114534
2020-01-31,"Washington, DC","DC",7,1979,-0.0011,-0.0065,0.0231,2090783
2020-01-31,"Miami-Fort Lauderdale, FL","FL",8,1853,-0.0086,-0.0044,0.0079,2741378
2020-01-31,"Atlanta, GA","GA",9,1482,0.0008,0.008,0.0478,2227086
2020-01-31,"Boston, MA","MA",10,2350,0.0028,-0.0169,0.0289,1678829
2020-01-31,"San Francisco, CA","CA",11,3121,-0.0035,-0.0093,0.0052,1619280
2020-01-31,"Detroit, MI","MI",12,1208,-0.0009,-0.0146,0.0159,1630660
2020-01-31,"Riverside, CA","CA",13,1942,0.0077,0.0107,0.0319,1352978
2020-01-31,"Phoenix, AZ","AZ",14,1457,-0.0024,0.0175,0.0793,1681760
2020-01-31,"Seattle, WA","WA",15,2026,0,-0.0057,0.0243,1319120
2020-01-31,"Minneapolis-St Paul, MN","MN",16,1531,0.0051,0.0116,0.0342,1125990
2020-01-31,"San Diego, CA","CA",17,2559,0.0053,0.0049,0.0421,912320
2020-01-31,"St. Louis, MO","MO",18,1042,0.0026,0.0151,0.0507,1025399
2020-01-31,"Tampa, FL","FL",19,1450,0.0099,0.02,0.0518,1231722
2020-01-31,"Baltimore, MD","MD",20,1613,0.0002,0.0017,0.0088,972619
2020-01-31,"Denver, CO","CO",21,1800,0.0023,0.0048,0.0277,1027139
2020-01-31,"Pittsburgh, PA","PA",22,1175,0.0187,0.0537,0.0699,753336
2020-01-31,"Portland, OR","OR",23,1689,-0.0024,0.0008,0.0265,776297
2020-01-31,"Charlotte, NC","NC",24,1362,-0.0042,0.0123,0.0538,846217
2020-01-31,"Sacramento, CA","CA",25,1827,0.003,0.0051,0.0449,721385
2020-01-31,"San Antonio, TX","TX",26,1229,0.003,0.0051,0.0131,766453
2020-01-31,"Orlando, FL","FL",27,1456,0.0029,0.0118,0.0446,910408
2020-01-31,"Cincinnati, OH","OH",28,1206,0.0105,0.0251,0.0569,701832
2020-01-31,"Cleveland, OH","OH",29,1066,-0.0078,-0.0075,0.0182,787700
2020-01-31,"Kansas City, MO","MO",30,1138,0.0002,0.0073,0.0331,780724
2020-01-31,"Las Vegas, NV","NV",31,1357,0.0001,0.0012,0.0569,835437
2020-01-31,"Columbus, OH","OH",32,1188,0.0022,0.001,-0.0018,680086
2020-01-31,"Indianapolis, IN","IN",33,1103,-0.0059,-0.0077,0.0279,723064
2020-01-31,"San Jose, CA","CA",34,3296,-0.0035,-0.0063,0.0031,519478
2020-01-31,"Austin, TX","TX",35,1632,0.0022,0.0155,0.048,731379
2020-01-31,"Virginia Beach, VA","VA",36,1365,0.0021,0.0076,0.0252,641564
2020-01-31,"Nashville, TN","TN",37,1470,0.0015,0.0089,0.0308,738495
2020-01-31,"Providence, RI","RI",38,1460,0.0001,0.0073,0.0319,557911
2020-01-31,"Milwaukee, WI","WI",39,1106,0.0058,0.0018,0.0278,236525
2020-01-31,"Jacksonville, FL","FL",40,1371,-0.0003,0.0064,0.0424,597813
2020-01-31,"Memphis, TN","TN",41,1068,0.0033,0.0037,0.0393,455187
2020-01-31,"Oklahoma City, OK","OK",42,952,0.0028,0.0068,0.0221,489922
2020-01-31,"Louisville-Jefferson County, KY","KY",43,1097,-0.0029,-0.0029,0.0408,428067
2020-01-31,"Hartford, CT","CT",44,1329,-0.0018,-0.0088,-0.0017,640793
2020-01-31,"Richmond, VA","VA",45,1349,0.0025,0.0085,0.0344,489287
2020-01-31,"New Orleans, LA","LA",46,1367,0.0152,0.0666,0.0553,272404
2020-01-31,"Buffalo, NY","NY",47,1000,-0.0004,-0.0145,-0.0089,408453
2020-01-31,"Raleigh, NC","NC",48,1313,0.0089,0.0085,0.0341,481034
2020-01-31,"Birmingham, AL","AL",49,1078,0.0198,0.0121,0.0318,402087
2020-01-31,"Salt Lake City, UT","UT",50,1486,-0.0053,-0.0152,0.0141,411239
2020-01-31,"Rochester, NY","NY",51,1197,0.0122,-0.0215,-0.0195,372454
2020-01-31,"Grand Rapids, MI","MI",52,1363,0.0001,0.0199,0.0582,283237
2020-01-31,"Tucson, AZ","AZ",53,1286,0.0069,0.0197,0.0646,329962
2020-01-31,"Urban Honolulu, HI","HI",54,2321,-0.0014,-0.0064,-0.0068,313977
2020-01-31,"Tulsa, OK","OK",55,932,-0.0007,0.0029,0.0285,345487
2020-01-31,"Fresno, CA","CA",56,1339,0.003,0.0097,0.0585,243633
2020-01-31,"Worcester, MA","MA",57,1414,-0.0007,-0.0003,0.0149,340529
2020-01-31,"Stamford, CT","CT",58,2031,-0.0056,-0.0044,0.0238,471162
2020-01-31,"Albuquerque, NM","NM",59,1158,0.0007,-0.0045,0.0253,294725
2020-01-31,"Albany, NY","NY",60,1294,0.0039,-0.0092,-0.0151,303430
2020-01-31,"Omaha, NE","NE",61,1175,0.0149,0.0052,-0.0062,275864
2020-01-31,"New Haven, CT","CT",62,1348,0.002,0.0076,0.0118,377381
2020-01-31,"Bakersfield, CA","CA",63,1243,0.0137,0.0235,0.0675,239077
2020-01-31,"Knoxville, TN","TN",64,1181,-0.0071,0.0156,0.0658,322238
2020-01-31,"Greenville, SC","SC",65,1154,0.0007,0.0178,0.0727,252679
2020-01-31,"Ventura, CA","CA",66,2621,0.0001,0.0045,0.0179,239804
2020-01-31,"Allentown, PA","PA",67,1344,0.0046,0.0153,0.0402,313750
2020-01-31,"El Paso, TX","TX",68,982,0.0239,0.0307,0.0296,248035
2020-01-31,"Baton Rouge, LA","LA",69,1213,0.0058,0.0103,0.003,90629
2020-01-31,"Dayton, OH","OH",70,975,0.0102,0.0043,0.072,294154
2020-01-31,"McAllen, TX","TX",71,837,0.0028,0.0065,-0.0051,203698
2020-01-31,"Columbia, SC","SC",72,1091,0.0123,0.0153,0.0382,258137
2020-01-31,"Greensboro, NC","NC",73,900,-0.0042,0.0162,0.0456,260855
2020-01-31,"Akron, OH","OH",74,999,-0.002,-0.0145,0.0347,260703
2020-01-31,"North Port-Sarasota-Bradenton, FL","FL",75,1817,0.0086,0.0296,0.0137,417822
2020-01-31,"Little Rock, AR","AR",76,849,-0.0011,0.0083,0.0179,247259
2020-01-31,"Stockton, CA","CA",77,1690,0.0101,0.0145,0.063,204367
2020-01-31,"Charleston, SC","SC",78,1602,-0.0025,-0.002,0.0107,274765
2020-01-31,"Syracuse, NY","NY",79,1096,0.0106,-0.0115,-0.0176,232266
2020-01-31,"Colorado Springs, CO","CO",80,1494,0.0083,0.0163,0.0535,276050
2020-01-31,"Winston-Salem, NC","NC",81,1009,0.0031,0.0137,0.0643,224716
2020-01-31,"Wichita, KS","KS",82,852,0.0006,-0.003,0.0132,233757
2020-01-31,"Springfield, MA","MA",83,1304,-0.0047,0.0039,0.0069,197625
2020-01-31,"Fort Myers, FL","FL",84,1544,0.0076,0.0041,-0.0036,392932
2020-01-31,"Boise City, ID","ID",85,1390,0.0036,0.0019,0.0809,269070
2020-01-31,"Toledo, OH","OH",86,922,-0.005,-0.0032,0.019,204184
2020-01-31,"Madison, WI","WI",87,1381,-0.0003,0.0052,0.0051,115573
2020-01-31,"Lakeland, FL","FL",88,1240,-0.0037,0.0106,0.0613,233791
2020-01-31,"Ogden, UT","UT",89,1338,-0.0271,-0.012,0.0228,164892
2020-01-31,"Daytona Beach, FL","FL",90,1460,0.0009,0.0042,0.0366,286814
2020-01-31,"Des Moines, IA","IA",91,1128,-0.0078,-0.0005,0.0016,235227
2020-01-31,"Jackson, MS","MS",92,1029,-0.0207,-0.0055,0.0288,177936
2020-01-31,"Youngstown, OH","OH",93,769,0.0107,0.036,0.0261,171097
2020-01-31,"Augusta, GA","GA",94,1072,0.012,0.035,0.1102,199426
2020-01-31,"Scranton, PA","PA",95,994,0.0033,0.0235,0.0334,14112
2020-01-31,"Harrisburg, PA","PA",96,1172,0.0035,0.0138,0.0262,201582
2020-01-31,"Melbourne, FL","FL",97,1458,0.0006,0.0018,0.0216,269937
2020-01-31,"Chattanooga, TN","TN",98,1213,0.0171,0.0321,0.0752,206737
2020-01-31,"Spokane, WA","WA",99,1250,-0.0009,-0.0007,0.0374,192810
2020-01-31,"Provo, UT","UT",100,1297,-0.0028,-0.0092,0.0127,163866
2020-01-31,"Lancaster, PA","PA",101,1198,0.0045,-0.0015,0.0235,187425
2020-01-31,"Modesto, CA","CA",102,1531,0.0047,0.0016,0.0478,150988
2020-01-31,"Portland, ME","ME",103,1656,-0.008,-0.0126,0.0317,211135
2020-01-31,"Durham, NC","NC",104,1337,0.0082,0.0118,0.0549,199114
2020-01-31,"Santa Rosa, CA","CA",105,2610,0.0001,-0.0097,-0.0263,156024
2020-01-31,"Lexington, KY","KY",106,1069,-0.0005,-0.006,0.0227,152946
2020-01-31,"Lafayette, LA","LA",107,980,0.0185,0.0286,-0.0614,99260
2020-01-31,"Lansing, MI","MI",108,1017,0.0071,0.0233,0.0371,144456
2020-01-31,"Fayetteville, AR","AR",109,1074,0.0099,0.0148,0.0515,166056
2020-01-31,"Pensacola, FL","FL",110,1292,0.0093,0.0118,0.0648,190290
2020-01-31,"Visalia, CA","CA",111,1219,0.0096,0.0394,0.0648,106126
2020-01-31,"Shreveport, LA","LA",112,928,0.0037,0.006,-0.0203,51242
2020-01-31,"Springfield, MO","MO",113,866,0.0058,0.0575,0.1032,171706
2020-01-31,"York, PA","PA",114,1202,0.0175,0.0141,0.044,154770
2020-01-31,"Corpus Christi, TX","TX",115,1295,-0.0088,-0.0262,-0.0183,151888
2020-01-31,"Reno, NV","NV",116,1674,0.0004,0.0069,0.0411,163058
2020-01-31,"Asheville, NC","NC",117,1455,0.0137,0.027,0.0584,175835
2020-01-31,"Port St. Lucie, FL","FL",118,1628,-0.003,0.0055,0.0236,215438
2020-01-31,"Santa Maria-Santa Barbara, CA","CA",119,2962,0.0121,0.0129,0.0589,105580
2020-01-31,"Huntsville, AL","AL",120,1081,0.0049,0.0282,0.0888,168389
2020-01-31,"Fort Wayne, IN","IN",121,1001,-0.0076,0.0216,0.0416,151911
2020-01-31,"Salinas, CA","CA",122,2614,-0.0009,0.0003,0.0564,107402
2020-01-31,"Vallejo, CA","CA",123,2148,-0.0012,-0.006,0.0434,134677
2020-01-31,"Mobile, AL","AL",124,896,0.0004,0.0022,0.0151,145839
2020-01-31,"Reading, PA","PA",125,1216,0.0067,0.0188,0.0302,137103
2020-01-31,"Brownsville, TX","TX",126,985,-0.0073,0.0119,0.0341,121043
2020-01-31,"Killeen, TX","TX",127,913,0.0026,-0.0062,0.0545,132532
2020-01-31,"Canton, OH","OH",128,853,0.0052,0.0239,0.0596,153126
2020-01-31,"Beaumont, TX","TX",129,1065,-0.0052,0.0003,0.0264,130049
2020-01-31,"Manchester, NH","NH",130,1566,0.0006,0.0124,0.0408,148859
2020-01-31,"Salem, OR","OR",131,1443,-0.0035,0.0016,0.0386,105120
2020-01-31,"Anchorage, AK","AK",132,1547,0.0003,0.0035,0.0165,145808
2020-01-31,"Davenport, IL","IL",133,876,-0.0064,-0.0173,-0.0261,114927
2020-01-31,"Peoria, IL","IL",134,839,-0.0032,-0.0123,-0.0041,126840
2020-01-31,"Myrtle Beach, SC","SC",135,1263,-0.0248,-0.0208,0.0124,292131
2020-01-31,"Montgomery, AL","AL",136,871,0.0034,0.0157,0.0258,133445
2020-01-31,"Salisbury, MD","DE",137,1396,0.0108,-0.003,0.0291,193826
2020-01-31,"Gulfport, MS","MS",138,1068,0.0039,0.0065,0.0321,134777
2020-01-31,"Tallahassee, FL","FL",139,1083,0.0002,-0.0087,0.0239,119127
2020-01-31,"Trenton, NJ","NJ",140,1652,-0.0031,-0.0048,-0.0009,117892
2020-01-31,"Fayetteville, NC","NC",141,880,0.0047,0.0121,0.0189,133258
2020-01-31,"Huntington, WV","WV",142,895,0.0138,0.0205,0.0225,118852
2020-01-31,"Eugene, OR","OR",143,1414,0.0006,0.0015,0.0504,115003
2020-01-31,"Rockford, IL","IL",144,956,-0.0052,-0.0116,0.0246,113470
2020-01-31,"Savannah, GA","GA",145,1287,-0.0068,-0.0122,0.0333,141586
2020-01-31,"Ann Arbor, MI","MI",146,1549,-0.0044,-0.0157,-0.0447,110523
2020-01-31,"Ocala, FL","FL",147,1124,-0.0065,-0.0047,0.0275,145020
2020-01-31,"Kalamazoo, MI","MI",148,1077,-0.0117,-0.0666,-0.0906,78953
2020-01-31,"South Bend, IN","IN",149,949,-0.0021,-0.0129,-0.029,102815
2020-01-31,"Spartanburg, SC","SC",150,1041,0.0181,0.0212,0.0593,105475
2020-01-31,"Evansville, IN","IN",151,871,-0.0116,-0.0297,-0.0031,113722
2020-01-31,"Kingsport, TN","TN",152,890,-0.0117,-0.0526,-0.0137,112250
2020-01-31,"Roanoke, VA","VA",153,1029,-0.0036,0.0178,-0.0229,120234
2020-01-31,"Lincoln, NE","NE",154,1049,-0.0011,0.003,0.0143,104628
2020-01-31,"Fort Collins, CO","CO",155,1677,0.0048,0.0136,0.0374,134439
2020-01-31,"Columbus, GA","GA",156,879,0.0033,0.0187,0.0409,96788
2020-01-31,"Boulder, CO","CO",157,1987,-0.0019,0.0156,0.021,125514
2020-01-31,"Lubbock, TX","TX",158,988,0.0039,-0.0062,-0.0072,98337
2020-01-31,"Erie, PA","PA",159,898,0.0062,0.0326,0.0377,83769
2020-01-31,"Fort Smith, AR","AR",160,744,-0.0051,0.0214,-0.023,63338
2020-01-31,"Duluth, MN","MN",161,1020,0.0117,0.031,0.0093,75771
2020-01-31,"Atlantic City, NJ","NJ",162,1349,0.0066,-0.0116,-0.0028,117664
2020-01-31,"New London, CT","CT",163,1300,-0.0012,0.0098,0.0147,108692
2020-01-31,"San Luis Obispo, CA","CA",164,2400,-0.0013,-0.0015,0.0027,85850
2020-01-31,"Gainesville, FL","FL",165,1211,0.0052,0.0346,0.0901,86097
2020-01-31,"Santa Cruz, CA","CA",166,3116,0.0023,0.0103,0.0141,76705
2020-01-31,"Clarksville, TN","TN",167,931,0.0071,0.0169,0.0335,93426
2020-01-31,"Cedar Rapids, IA","IA",168,920,0.0002,-0.0057,0.0061,106344
2020-01-31,"Merced, CA","CA",169,1336,-0.0015,-0.0127,0.0345,68867
2020-01-31,"Wilmington, NC","NC",170,1430,-0.0011,-0.0071,0.0335,119680
2020-01-31,"Kennewick, WA","WA",171,1374,-0.0071,0.0038,0.0754,84652
2020-01-31,"Greeley, CO","CO",172,1637,0.0021,-0.0052,0.0452,111001
2020-01-31,"Olympia, WA","WA",173,1606,-0.0058,0.0009,0.0257,93209
2020-01-31,"Amarillo, TX","TX",174,846,0.0111,0.0193,-0.0119,88366
2020-01-31,"Binghamton, NY","NY",175,950,0.0063,0.0253,-0.0099,82956
2020-01-31,"Hagerstown, WV","MD",176,1153,0.0097,0.0481,0.0505,96260
2020-01-31,"Bremerton, WA","WA",177,1678,-0.0094,-0.0366,0.0358,93472
2020-01-31,"Laredo, TX","TX",178,1056,0.0048,-0.0024,-0.021,50816
2020-01-31,"Lynchburg, VA","VA",179,936,0.0004,-0.0081,-0.0556,99470
2020-01-31,"Yakima, WA","WA",180,1167,-0.012,-0.0169,0.0064,68957
2020-01-31,"Crestview-Fort Walton Beach-Destin, FL","FL",181,1610,-0.0031,-0.0147,0.0848,139832
2020-01-31,"Topeka, KS","KS",182,838,0.0057,0.0001,-0.0122,86825
2020-01-31,"Macon-Bibb County, GA","GA",183,870,-0.0076,-0.0066,0.0381,81882
2020-01-31,"Champaign-Urbana, IL","IL",184,1018,0.0055,0.0248,0.0104,43412
2020-01-31,"Tuscaloosa, AL","AL",185,1153,0.0137,0.0043,-0.0001,65584
2020-01-31,"College Station, TX","TX",186,1177,0.018,0.0295,0.0126,71210
2020-01-31,"Sioux Falls, SD","SD",187,980,-0.0006,-0.0027,0.0214,70575
2020-01-31,"Charleston, WV","WV",188,830,0.0136,0.0539,-0.0128,79405
2020-01-31,"Appleton, WI","WI",189,1053,-0.0132,-0.0504,0.0083,28198
2020-01-31,"Chico, CA","CA",190,1585,-0.0095,-0.0097,0.1489,56284
2020-01-31,"Charlottesville, VA","VA",191,1524,0.015,0.0226,0.0328,87563
2020-01-31,"Claremont, NH","NH",192,1473,-0.0194,-0.0442,0.0349,79321
2020-01-31,"Barnstable Town, MA","MA",193,1949,0.0233,-0.0117,0.0293,177175
2020-01-31,"Longview, TX","TX",194,1088,0.0185,0.0146,0.0324,59901
2020-01-31,"Burlington, VT","VT",195,1843,-0.0196,-0.015,0.0174,44863
2020-01-31,"Prescott, AZ","AZ",196,1506,0.0065,0.0223,0.065,93857
2020-01-31,"Springfield, IL","IL",197,837,0.001,0.0163,0.0354,3014
2020-01-31,"Tyler, TX","TX",198,1099,0.0037,0.0307,0.0408,67617
2020-01-31,"Las Cruces, NM","NM",199,996,0.006,0.022,0.0514,60237
2020-01-31,"Fargo, ND","ND",200,950,-0.0062,0.0072,-0.0066,42964
2020-01-31,"Houma, LA","LA",201,975,-0.0047,-0.0044,0.0044,17514
2020-01-31,"Rochester, MN","MN",202,1278,0.0153,0.0473,0.0459,83216
2020-01-31,"Florence, SC","SC",203,1042,-0.0051,0.0035,-0.0092,55746
2020-01-31,"Lafayette-West Lafayette, IN","IN",204,1067,0.001,0.0196,0.0721,62929
2020-01-31,"Bellingham, WA","WA",205,1645,0.007,0.0172,0.0933,76859
2020-01-31,"Lake Havasu City, AZ","AZ",206,1323,0.0272,0.0183,0.1054,49143
2020-01-31,"Saginaw, MI","MI",207,756,-0.0151,0.0146,0.0164,68537
2020-01-31,"Lake Charles, LA","LA",208,1062,-0.0139,-0.0628,-0.118,8410
2020-01-31,"Johnson City, TN","TN",209,922,0.0071,0.0117,0.0457,74175
2020-01-31,"Elkhart, IN","IN",210,894,-0.0146,-0.0245,-0.0264,60740
2020-01-31,"Yuma, AZ","AZ",211,973,0.0156,0.0293,0.0702,50927
2020-01-31,"Athens, GA","GA",212,1228,0.0136,0.0436,0.0629,71643
2020-01-31,"Torrington, CT","CT",213,1290,0.0126,0.016,0.0309,101320
2020-01-31,"Hilton Head Island, SC","SC",214,1751,0.0138,0.0159,0.0247,99785
2020-01-31,"Bloomington, IL","IL",215,761,0.0028,-0.0056,-0.0493,24629
2020-01-31,"Hilo, HI","HI",216,1731,-0.0017,0.0069,0.014,90030
2020-01-31,"Kingston, NY","NY",217,1496,-0.0157,-0.0457,-0.0397,70948
2020-01-31,"Daphne, AL","AL",218,1364,-0.0088,-0.0189,0.01,96560
2020-01-31,"Gainesville, GA","GA",219,1259,-0.004,-0.0108,0.0195,70460
2020-01-31,"Warner Robins, GA","GA",220,953,0.0065,-0.0066,0.0622,68032
2020-01-31,"Blacksburg, VA","VA",221,1283,-0.0087,0.0119,0.0907,36987
2020-01-31,"Jacksonville, NC","NC",222,985,-0.0055,0.0053,0.0603,74962
2020-01-31,"Redding, CA","CA",223,1384,0,-0.0082,0.0256,52645
2020-01-31,"Monroe, LA","LA",224,909,0.0042,-0.0157,-0.0719,31754
2020-01-31,"Joplin, MO","MO",225,879,-0.0027,0.029,0.0693,65895
2020-01-31,"Terre Haute, IN","IN",226,808,0.0181,0.0082,0.0309,59474
2020-01-31,"Muskegon, MI","MI",227,848,-0.0002,0.0001,0.0361,54307
2020-01-31,"East Stroudsburg, PA","PA",228,1301,-0.0009,-0.0064,0.0417,91966
2020-01-31,"Sioux City, IA","IA",229,944,0.0146,-0.0242,0.0186,57545
2020-01-31,"Greenville, NC","NC",230,975,0.0139,0.0214,0.0462,55293
2020-01-31,"Waterloo, IA","IA",231,911,-0.007,0.0149,0.0111,66368
2020-01-31,"Oshkosh, WI","WI",232,904,-0.0047,-0.0029,0.0563,33945
2020-01-31,"Yuba City, CA","CA",233,1479,-0.007,0.0187,0.0774,47528
2020-01-31,"Abilene, TX","TX",234,1001,0.0105,0.0105,0.0369,56814
2020-01-31,"Columbia, MO","MO",235,898,-0.0226,-0.0293,-0.0264,63171
2020-01-31,"Dover, DE","DE",236,1260,-0.0081,0.0002,0.0115,60776
2020-01-31,"Eau Claire, WI","WI",237,1018,-0.0015,-0.0092,-0.0092,26468
2020-01-31,"Janesville, WI","WI",238,955,0.0152,0.0652,0.0833,25982
2020-01-31,"Jackson, MI","MI",239,897,0.0223,0.0182,0.0483,16981
2020-01-31,"Punta Gorda, FL","FL",240,1585,0.0118,0.0343,-0.018,101666
2020-01-31,"Bloomington, IN","IN",241,1302,0.01,0.0534,0.0875,52050
2020-01-31,"Pueblo, CO","CO",242,1079,-0.0118,-0.0006,0.0159,58692
2020-01-31,"Billings, MT","MT",243,1155,-0.0046,0.0001,0.0111,58555
2020-01-31,"Bowling Green, KY","KY",244,986,-0.0031,-0.0202,-0.0301,46756
2020-01-31,"Bend, OR","OR",245,1825,0.004,0.0274,0.0884,52218
2020-01-31,"Albany, GA","GA",246,761,0.0005,0.0027,0.0025,50528
2020-01-31,"Vineland, NJ","NJ",247,1228,-0.0009,0.0018,0.0166,45282
2020-01-31,"Niles, MI","MI",248,1162,-0.0179,-0.0548,0.0032,53640
2020-01-31,"Kahului, HI","HI",249,2627,0.0001,-0.0162,-0.059,63059
2020-01-31,"Ottawa, IL","IL",250,961,-0.0017,0.0048,0.0368,37757
2020-01-31,"State College, PA","PA",251,1419,0.0003,0.0562,0.0681,44125
2020-01-31,"Bangor, ME","ME",252,1261,0.0186,0.0226,0.091,34472
2020-01-31,"Decatur, AL","AL",253,839,0.0132,0.023,0.0054,49542
2020-01-31,"Hanford, CA","CA",254,1277,-0.0046,0.0292,0.0732,34344
2020-01-31,"Iowa City, IA","IA",255,1102,-0.0011,0.0061,-0.0071,66661
2020-01-31,"Rocky Mount, NC","NC",256,733,0.01,0.0065,0.0385,48595
2020-01-31,"Wichita Falls, TX","TX",257,805,-0.0072,-0.0033,-0.0039,48139
2020-01-31,"Madera, CA","CA",258,1342,0.0016,0.0119,0.0478,40005
2020-01-31,"Jefferson City, MO","MO",259,740,-0.0202,-0.0158,-0.0393,53285
2020-01-31,"Chambersburg, PA","PA",260,945,-0.0006,0.0135,-0.0139,41454
2020-01-31,"Texarkana, TX","TX",261,862,0.0004,0.0201,0.0203,32494
2020-01-31,"Elizabethtown, KY","KY",262,844,0.0113,0.0114,0.0108,43896
2020-01-31,"Pottsville, PA","PA",263,801,-0.0015,-0.0005,0.0874,58797
2020-01-31,"Wheeling, OH","OH",264,986,0.022,0.0376,0.0254,50763
2020-01-31,"Florence, AL","AL",265,864,-0.0026,0.0323,0.0501,53739
2020-01-31,"Grand Junction, CO","CO",266,1293,0.0083,0.045,0.0898,59551
2020-01-31,"Concord, NH","NH",267,1452,-0.0113,-0.068,-0.0017,55849
2020-01-31,"Dothan, AL","AL",268,874,-0.0018,0.0026,-0.0044,53706
2020-01-31,"Santa Fe, NM","NM",269,1864,-0.0103,-0.0196,0.0271,56674
2020-01-31,"Johnstown, PA","PA",270,659,0.0107,0.0407,0.054,34639
2020-01-31,"Traverse City, MI","MI",271,1345,-0.0016,-0.0031,-0.0153,52122
2020-01-31,"Hattiesburg, MS","MS",272,939,0.0055,-0.0125,-0.0106,45925
2020-01-31,"Midland, TX","TX",273,1848,0.0082,-0.0337,-0.0454,48798
2020-01-31,"Homosassa Springs, FL","FL",274,1162,0.0046,0.0043,0.0777,64790
2020-01-31,"Auburn, AL","AL",275,1133,-0.0103,0.0086,0.0192,55751
2020-01-31,"Valdosta, GA","GA",276,857,-0.0284,-0.0242,-0.0083,43076
2020-01-31,"Coeur d'Alene, ID","ID",277,1518,-0.0047,0.0038,0.0909,71245
2020-01-31,"Springfield, OH","OH",278,763,-0.0249,-0.007,0.0461,48997
2020-01-31,"St. George, UT","UT",279,1481,-0.0054,0.0056,0.0164,73331
2020-01-31,"Vero Beach, FL","FL",280,1583,0.0068,0.0109,0.0257,79024
2020-01-31,"Napa, CA","CA",281,2897,-0.0011,-0.0054,0.0025,42448
2020-01-31,"Tupelo, MS","MS",282,941,0.0006,-0.0162,-0.0269,3769
2020-01-31,"Battle Creek, MI","MI",283,853,-0.0145,-0.032,-0.0248,4806
2020-01-31,"Jamestown, NY","NY",284,824,0.0164,0.0011,-0.0695,53454
2020-01-31,"Eureka, CA","CA",285,1452,-0.0171,-0.0183,-0.0028,14657
2020-01-31,"Rapid City, SD","SD",286,1033,-0.0179,-0.0132,-0.0391,49428
2020-01-31,"Flagstaff, AZ","AZ",287,1804,0.0095,0.0572,0.0825,39629
2020-01-31,"Lumberton, NC","NC",288,767,-0.0048,-0.0045,0.0097,25217
2020-01-31,"Wausau, WI","WI",289,839,0.0093,-0.0348,0.0106,14991
2020-01-31,"La Crosse, WI","WI",290,1152,0.0207,-0.0121,-0.0479,23655
2020-01-31,"Lebanon, PA","PA",291,1029,-0.0215,-0.0354,0.0123,48948
2020-01-31,"Idaho Falls, ID","ID",292,1125,0.0034,0.0317,0.0826,48071
2020-01-31,"Sierra Vista, AZ","AZ",293,924,0.0032,-0.0079,0.0418,40845
2020-01-31,"Pittsfield, MA","MA",294,1237,0.0051,-0.0183,-0.0346,55682
2020-01-31,"Lawton, OK","OK",295,730,-0.0055,0.0029,-0.0063,43125
2020-01-31,"Farmington, NM","NM",296,948,-0.007,-0.0299,-0.0448,28738
2020-01-31,"Jackson, TN","TN",297,905,-0.0019,0.0171,0.0388,46253
2020-01-31,"Morgantown, WV","WV",298,1088,-0.024,-0.0432,-0.0027,46377
2020-01-31,"Glens Falls, NY","NY",299,1284,0.0152,0.0073,-0.1013,57746
2020-01-31,"Winchester, VA","VA",300,1183,0.001,-0.0281,-0.0074,55021
2020-01-31,"St. Joseph, MO","MO",301,772,-0.0233,-0.0463,-0.022,45983
2020-01-31,"New Bern, NC","NC",302,1041,0.0249,0.0389,0.0409,48784
2020-01-31,"Carbondale, IL","IL",303,714,-0.0126,0.0105,-0.0472,42128
2020-01-31,"London, KY","KY",304,859,0.0032,0.0091,0.0183,29427
2020-01-31,"Logan, ID","UT",305,1122,0.0041,0.039,0.0713,46274
2020-01-31,"Harrisonburg, VA","VA",306,1187,0.0133,0.0332,0.0475,40236
2020-01-31,"Beckley, WV","WV",307,811,-0.0084,0.0125,0.0251,45769
2020-01-31,"Weirton, OH","OH",308,744,-0.0214,-0.0174,0.0441,39696
2020-01-31,"Goldsboro, NC","NC",309,1040,0.0108,0.0383,-0.0212,37189
2020-01-31,"Augusta, ME","ME",310,1014,-0.0024,-0.0151,0.0018,36574
2020-01-31,"Hammond, LA","LA",311,1027,-0.0095,-0.0242,-0.0335,39117
2020-01-31,"Jonesboro, AR","AR",312,821,0.007,0.0331,0.0266,13437
2020-01-31,"Sherman, TX","TX",313,1147,-0.0021,0.0102,0,47898
2020-01-31,"Anniston, AL","AL",314,792,0.0137,0.0212,0.0604,41602
2020-01-31,"Staunton, VA","VA",315,1163,0.0032,0.0114,0.0208,45439
2020-01-31,"Muncie, IN","IN",316,874,-0.0091,0.0291,0.0338,42792
2020-01-31,"Mount Vernon, WA","WA",317,1687,-0.0092,-0.0045,0.0423,43972
2020-01-31,"Albany, OR","OR",318,1413,0.019,0.0257,0.1097,34756
2020-01-31,"Watertown, NY","NY",319,1086,-0.0128,-0.0133,-0.0317,40489
2020-01-31,"Williamsport, PA","PA",320,889,-0.0036,0.0197,0.0399,36585
2020-01-31,"Cleveland, TN","TN",321,981,0.0083,0.0218,0.0779,41877
2020-01-31,"Sheboygan, WI","WI",322,896,-0.0146,-0.0434,-0.1598,20373
2020-01-31,"Owensboro, KY","KY",323,842,0,0.0345,0.0094,37780
2020-01-31,"Dunn, NC","NC",324,1070,0.0043,0.0022,-0.0209,46940
2020-01-31,"Wooster, OH","OH",325,854,-0.0086,-0.0165,0.0392,35938
2020-01-31,"Kankakee, IL","IL",326,966,-0.0237,-0.0799,0.0136,3661
2020-01-31,"Brunswick, GA","GA",327,1476,0.0083,0.0265,0.0049,50985
2020-01-31,"San Angelo, TX","TX",328,1080,0.0173,-0.001,-0.0292,40109
2020-01-31,"Michigan City, IN","IN",329,960,-0.0043,0.0075,0.0404,42110
2020-01-31,"Holland, MI","MI",330,1141,0.0265,0.0244,0.0524,38608
2020-01-31,"Wenatchee, WA","WA",331,1506,-0.0179,-0.0258,-0.015,41391
2020-01-31,"Lawrence, KS","KS",332,1079,0.0057,0.0324,-0.0179,40151
2020-01-31,"Missoula, MT","MT",333,1311,-0.0014,0.0055,0.0466,35812
2020-01-31,"Bay City, MI","MI",334,854,0.0184,-0.0177,0.0202,19314
2020-01-31,"Sumter, SC","SC",335,888,0.0028,-0.0034,0.037,33841
2020-01-31,"Meridian, MS","MS",336,871,0.0139,0.0246,0.0286,2863
2020-01-31,"Danville, VA","VA",337,842,0.0098,-0.0508,-0.052,34373
2020-01-31,"Lima, OH","OH",338,906,0.018,0.0817,0.0995,35541
2020-01-31,"Cookeville, TN","TN",339,943,-0.0159,0.0006,0.0038,37945
2020-01-31,"California-Lexington Park, MD","MD",340,1465,-0.0002,0.0003,-0.0022,39213
2020-01-31,"Gadsden, AL","AL",341,669,-0.0122,-0.0248,-0.1044,36921
2020-01-31,"Cumberland, MD","MD",342,848,0.0282,0.069,-0.0145,37964
2020-01-31,"Longview, WA","WA",343,1175,-0.0018,-0.0091,-0.0299,33946
2020-01-31,"Whitewater, WI","WI",344,1298,-0.0112,-0.0153,0.0252,4456
2020-01-31,"Ithaca, NY","NY",345,1464,0.0024,-0.0014,-0.0416,24586
2020-01-31,"Ashtabula, OH","OH",346,807,-0.0173,0.0681,0.0052,38090
2020-01-31,"Gettysburg, PA","PA",347,1198,0.008,0.0441,0.0003,39519
2020-01-31,"Pine Bluff, AR","AR",348,751,0.0135,0.0731,0.0428,29231
2020-01-31,"Tullahoma, TN","TN",349,1015,-0.0203,-0.0326,-0.0174,38190
2020-01-31,"Richmond, KY","KY",350,839,-0.0012,0.0474,0.0332,12372
2020-01-31,"Truckee, CA","CA",351,1908,-0.0011,-0.024,-0.0143,88418
2020-01-31,"Paducah, KY","KY",352,866,-0.0153,-0.0192,-0.0714,23232
2020-01-31,"Grand Forks, ND","ND",353,940,-0.0015,0.0075,0.0436,31333
2020-01-31,"Shelby, NC","NC",354,919,0.0089,0.044,0.0569,35784
2020-01-31,"Fairbanks, AK","AK",355,1463,-0.0097,-0.0254,-0.035,32580
2020-01-31,"Mankato, MN","MN",356,1280,0.0213,0.0995,0.1029,33510
2020-01-31,"Rome, GA","GA",357,888,0.0083,-0.0072,-0.003,34448
2020-01-31,"Cape Girardeau, MO","MO",358,865,-0.0107,0.0235,0.0315,30381
2020-01-31,"Hot Springs, AR","AR",359,947,0.0223,0.0145,0.0357,47457
2020-01-31,"Sunbury, PA","PA",360,664,-0.0134,0.0084,-0.1492,1699
2020-01-31,"Clarksburg, WV","WV",361,921,-0.0086,-0.0255,-0.0046,36095
2020-01-31,"Talladega, AL","AL",362,858,-0.006,0.0203,0.0031,25287
2020-01-31,"Albertville, AL","AL",363,914,-0.0064,-0.0077,0.0364,31152
2020-01-31,"Manhattan, KS","KS",364,1056,0.0088,0.0634,0.0159,31106
2020-01-31,"Orangeburg, SC","SC",365,849,0.0076,0.0258,0.0055,26640
2020-01-31,"Cheyenne, WY","WY",366,1222,-0.0094,0.0027,0.1123,35230
2020-01-31,"New Castle, PA","PA",367,751,0.0214,0.0341,0.0338,35032
2020-01-31,"Brainerd, MN","MN",368,1048,0.0122,-0.0199,-0.1191,37944
2020-01-31,"Kalispell, MT","MT",369,1509,0.0105,0.0046,0.012,43957
2020-01-31,"Ames, IA","IA",370,963,0.0062,0.0646,0.0379,24879
2020-01-31,"Bozeman, MT","MT",371,1708,0.005,-0.0403,-0.0256,49911
2020-01-31,"Moses Lake, WA","WA",372,1125,0.0012,-0.0036,0.042,21901
2020-01-31,"Elmira, NY","NY",373,920,0.0209,0.0086,-0.0375,30373
2020-01-31,"Beaver Dam, WI","WI",374,928,0.0108,-0.0123,0.0252,1410
2020-01-31,"Pinehurst-Southern Pines, NC","NC",375,1297,-0.0006,0.0053,0.0067,44464
2020-01-31,"Lufkin, TX","TX",376,994,0.0123,-0.0253,-0.0527,25699
2020-01-31,"Zanesville, OH","OH",377,817,0.0079,0.023,-0.0073,29112
2020-01-31,"Corvallis, OR","OR",378,1663,-0.0008,-0.0362,0.0317,25922
2020-01-31,"Bloomsburg, PA","PA",379,948,-0.0164,-0.016,-0.0832,22818
2020-01-31,"Branson, MO","MO",380,890,-0.0201,0.017,-0.0125,47345
2020-01-31,"Watertown, WI","WI",381,992,-0.0137,0.0227,0.0141,1722
2020-01-31,"Midland, MI","MI",382,1043,-0.0007,-0.0111,0.0498,41337
2020-01-31,"Pocatello, ID","ID",383,830,-0.0056,0.0156,0.0223,27733
2020-01-31,"Kokomo, IN","IN",384,761,-0.0156,-0.0039,0.0257,32393
2020-01-31,"Grants Pass, OR","OR",385,1457,-0.0119,0.0361,0.1106,30138
2020-01-31,"Huntsville, TX","TX",386,1022,-0.0103,-0.0218,-0.0092,16797
2020-01-31,"Plattsburgh, NY","NY",387,1649,0.0041,-0.017,0.0615,25962
2020-01-31,"Grand Island, NE","NE",388,968,-0.0033,-0.0374,-0.0568,27957
2020-01-31,"Danville, IL","IL",389,562,0.0042,-0.0104,-0.0991,1409
2020-01-31,"Manitowoc, WI","WI",390,744,0.0203,-0.0014,-0.0484,21279
2020-01-31,"Cullman, AL","AL",391,993,0.0177,0.091,0.0272,26814
2020-01-31,"Auburn, NY","NY",392,902,-0.0195,-0.0239,-0.1421,27777
2020-01-31,"Oak Harbor, WA","WA",393,1677,-0.0023,0.0031,0.0462,35119
2020-01-31,"Hinesville, GA","GA",394,976,0.0013,0.0183,0.0427,29519
2020-01-31,"Somerset, PA","PA",395,783,0.0134,0.0645,0.0203,27648
2020-01-31,"Warsaw, IN","IN",396,1159,-0.005,-0.0427,0.0153,31424
2020-01-31,"Quincy, IL","IL",397,846,-0.0097,0.0186,0.0481,3405
2020-01-31,"Keene, NH","NH",398,1403,0.0133,0.0246,-0.0014,29055
2020-01-31,"Searcy, AR","AR",399,775,0.0234,0.0473,0.1196,24699
2020-01-31,"Casper, WY","WY",400,1055,0.0075,0.0391,0.1144,27864
2020-01-31,"Helena, MT","MT",401,1226,-0.0044,0.0098,-0.0038,30945
2020-01-31,"Palatka, FL","FL",402,902,-0.0043,-0.0122,-0.0218,19189
2020-01-31,"Mount Airy, NC","NC",403,1139,0.0089,-0.0144,0.0145,22959
2020-01-31,"Glenwood Springs, CO","CO",404,3585,0.0087,-0.0198,-0.1031,34440
2020-01-31,"Key West, FL","FL",405,3105,-0.0001,0.0008,-0.0667,46306
2020-01-31,"Aberdeen, WA","WA",406,1162,-0.0156,0.0007,0.147,31411
2020-01-31,"Port Angeles, WA","WA",407,1500,-0.0092,-0.0089,0.0545,30619
2020-01-31,"Fort Payne, AL","AL",408,847,0.0146,-0.0093,-0.0128,19104
2020-01-31,"Muskogee, OK","OK",409,627,0.0096,0.0205,-0.0563,20832
2020-01-31,"Frankfort, KY","KY",410,899,0.0116,0.0319,0.0216,16694
2020-01-31,"Statesboro, GA","GA",411,915,0.0138,0.0317,-0.0149,23056
2020-01-31,"Minot, ND","ND",412,896,-0.0115,-0.0271,-0.0548,3900
2020-01-31,"Shawnee, OK","OK",413,832,0.0026,0.0162,0.0148,23141
2020-01-31,"Richmond, IN","IN",414,809,-0.0021,-0.0064,0.0658,24914
2020-01-31,"Forest City, NC","NC",415,1127,0.0129,-0.0008,0.0054,32774
2020-01-31,"Lake City, FL","FL",416,1148,0.0062,0.0305,0.0473,16699
2020-01-31,"LaGrange, GA","GA",417,975,0.001,0.0337,0.1605,25463
2020-01-31,"Marion, OH","OH",418,912,0.0131,-0.0066,0.0476,24612
2020-01-31,"Morehead City, NC","NC",419,1264,-0.0272,-0.0538,-0.0005,45616
2020-01-31,"Marinette, WI","WI",420,935,0.0077,0.0399,0.0302,2812
2020-01-31,"Marshall, TX","TX",421,908,-0.0129,-0.0053,-0.0192,23237
2020-01-31,"Farmington, MO","MO",422,716,-0.0212,-0.0393,-0.1029,23275
2020-01-31,"Clearlake, CA","CA",423,1424,0.0005,-0.0001,-0.0084,30288
2020-01-31,"Nacogdoches, TX","TX",424,959,-0.0063,0.0345,-0.0317,5112
2020-01-31,"Hutchinson, KS","KS",425,782,0.0043,0.0163,-0.0149,23715
2020-01-31,"Elizabeth City, NC","NC",426,1038,-0.0065,0.0261,0.0553,25638
2020-01-31,"Alamogordo, NM","NM",427,904,-0.0187,-0.0418,-0.0663,20633
2020-01-31,"Red Bluff, CA","CA",428,1235,-0.0061,-0.0386,0.0731,19138
2020-01-31,"Hudson, NY","NY",429,1583,-0.0275,-0.0795,-0.0257,29976
2020-01-31,"Walla Walla, WA","WA",430,1256,-0.0116,-0.0616,0.035,20145
2020-01-31,"Fort Madison, IA","IA",431,837,0.0053,0.0274,-0.0003,14044
2020-01-31,"Baraboo, WI","WI",432,907,-0.0118,0.0189,-0.0346,2453
2020-01-31,"Salina, KS","KS",433,812,-0.0117,0.0123,-0.0261,22444
2020-01-31,"Sturgis, MI","MI",434,968,0.0012,-0.0048,0.0339,14179
2020-01-31,"Rio Grande City, TX","TX",435,1169,-0.0021,0.0045,0.0126,7129
2020-01-31,"Fremont, OH","OH",436,987,0.0015,-0.0039,0.0383,21958
2020-01-31,"Mount Vernon, OH","OH",437,957,0.0137,0.0041,0.0363,22960
2020-01-31,"Lewiston, ID","ID",438,1250,-0.0072,-0.0014,0.0646,21511
2020-01-31,"Shelton, WA","WA",439,1410,-0.002,0.0238,0.0599,21790
2020-01-31,"Enid, OK","OK",440,852,0.0036,0.0085,-0.0175,23560
2020-01-31,"Georgetown, SC","SC",441,1407,-0.0041,-0.0282,-0.0568,24821
2020-01-31,"Laconia, NH","NH",442,1353,-0.0048,-0.0162,-0.0156,33969
2020-01-31,"Batavia, NY","NY",443,1321,0.0019,-0.0216,-0.0062,20064
2020-01-31,"Columbus, MS","MS",444,899,0.0097,0.0098,-0.0257,2515
2020-01-31,"Dublin, GA","GA",445,960,0.0149,0.0115,0.084,17657
2020-01-31,"Vicksburg, MS","MS",446,860,0.0242,-0.028,-0.1162,17145
2020-01-31,"Point Pleasant, WV","WV",447,873,0.0202,0.0022,0.0024,18582
2020-01-31,"Sanford, NC","NC",448,992,0.0238,0.0593,0.0561,22228
2020-01-31,"Fergus Falls, MN","MN",449,861,-0.0143,-0.0124,-0.0864,31930
2020-01-31,"Fairmont, WV","WV",450,848,-0.0033,0.0662,0.0292,23133
2020-01-31,"Crossville, TN","TN",451,1076,-0.0265,-0.0143,0.0421,23913
2020-01-31,"Picayune, MS","MS",452,908,-0.0091,-0.0031,-0.0158,21047
2020-01-31,"Gloversville, NY","NY",453,912,-0.0062,-0.0775,-0.1779,21963
2020-01-31,"Sonora, CA","CA",454,1416,-0.016,-0.0247,-0.0006,47683
2020-01-31,"Carson City, NV","NV",455,1279,0.0076,-0.0338,-0.0837,16578
2020-01-31,"Milledgeville, GA","GA",456,934,0.011,0.0273,0.0718,18898
2020-01-31,"Waycross, GA","GA",457,1020,0.017,0.0207,0.1042,17494
2020-01-31,"Eagle Pass, TX","TX",458,959,-0.0154,-0.0426,-0.1182,9865
2020-01-31,"Payson, AZ","AZ",459,1146,0.0051,-0.0438,-0.0918,24073
2020-01-31,"Scottsboro, AL","AL",460,923,0.0025,0.0146,0.0149,16767
2020-01-31,"Danville, KY","KY",461,939,0.0065,0.02,0.0258,9063
2020-01-31,"Galesburg, IL","IL",462,936,-0.0291,-0.0203,-0.0245,20427
2020-01-31,"Kearney, NE","NE",463,1202,0.0082,0.0418,0.0846,18209
2020-01-31,"Fort Polk South, LA","LA",464,761,-0.0014,0.0051,-0.0098,1005
2020-01-31,"Fort Leonard Wood, MO","MO",465,892,0.0137,0.0202,0.0463,13392
2020-01-31,"Edwards, CO","CO",466,3287,-0.016,-0.0069,0.0112,33542
2020-01-31,"Fernley, NV","NV",467,1501,-0.0063,-0.0017,0.0444,18121
2020-01-31,"Mason City, IA","IA",468,768,-0.0001,-0.0102,0.0605,18909
2020-01-31,"Malone, NY","NY",469,1469,-0.0136,-0.0279,0.0304,16126
2020-01-31,"Durango, CO","CO",470,1610,-0.0086,-0.0262,-0.0215,25293
2020-01-31,"Platteville, WI","WI",471,870,-0.007,0.0064,-0.0231,1815
2020-01-31,"Boone, NC","NC",472,1323,-0.016,-0.0438,0.062,30941
2020-01-31,"Bartlesville, OK","OK",473,891,0.0077,-0.0117,0.0894,19955
2020-01-31,"Jacksonville, TX","TX",474,1293,0.0197,0.0199,0.1833,9109
2020-01-31,"Elko, NV","NV",475,1253,-0.0023,-0.0048,0.0125,12815
2020-01-31,"Rexburg, ID","ID",476,1044,-0.0097,-0.0014,0.0466,16113
2020-01-31,"St. Marys, GA","GA",477,1074,-0.0055,-0.0181,0.0243,22742
2020-01-31,"Ozark, AL","AL",478,818,-0.0025,0.0144,-0.0693,15566
2020-01-31,"Amsterdam, NY","NY",479,894,0.0084,0.0367,-0.0388,17884
2020-01-31,"Enterprise, AL","AL",480,995,0.0229,0.0363,0.0857,20852
2020-01-31,"Paris, TX","TX",481,860,0.0274,0.0075,-0.1397,8656
2020-01-31,"Kerrville, TX","TX",482,1351,0.0137,0.0074,-0.0251,13785
2020-01-31,"Clinton, IA","IA",483,667,-0.0288,-0.0318,-0.0315,9164
2020-01-31,"Clovis, NM","NM",484,855,-0.001,0.0057,-0.0878,4838
2020-01-31,"Norfolk, NE","NE",485,945,0.0018,0.0066,-0.0299,17173
2020-01-31,"Washington, NC","NC",486,1070,0.0005,-0.0014,-0.0125,19150
2020-01-31,"Starkville, MS","MS",487,904,0.0162,-0.0291,0.0076,2605
2020-01-31,"Kendallville, IN","IN",488,924,-0.0179,-0.0045,0.0114,16304
2020-01-31,"Gardnerville Ranchos, NV","NV",489,1824,-0.0208,-0.0233,0.0203,23505
2020-01-31,"Madisonville, KY","KY",490,799,0.0093,0.0005,0.0069,15252
2020-01-31,"Ruston, LA","LA",491,914,-0.0064,-0.0503,-0.0639,12676
2020-01-31,"Lewistown, PA","PA",492,989,0.0031,0.0241,0.0805,11252
2020-01-31,"Rockingham, NC","NC",493,959,0.0188,0.0238,0.0353,15361
2020-01-31,"Ponca City, OK","OK",494,685,0.0086,-0.0316,-0.0988,16468
2020-01-31,"Red Wing, MN","MN",495,1022,-0.0289,-0.0143,-0.1766,2872
2020-01-31,"Shawano, WI","WI",496,994,-0.0206,0.0119,0.0601,4095
2020-01-31,"Cedar City, UT","UT",497,1057,-0.002,-0.0205,0.0047,5729
2020-01-31,"Bedford, IN","IN",498,904,-0.0045,-0.0221,0.0119,18255
2020-01-31,"Newport, OR","OR",499,1569,0.0158,0.0392,0.0749,25744
2020-01-31,"Wapakoneta, OH","OH",500,963,-0.004,-0.0002,0.0484,15974
2020-01-31,"Huntingdon, PA","PA",501,968,0.0047,0.0022,0.019,13472
2020-01-31,"Bellefontaine, OH","OH",502,939,0.0049,-0.0008,0.0238,17960
2020-01-31,"McAlester, OK","OK",503,799,0.0089,-0.0421,-0.001,16188
2020-01-31,"Moultrie, GA","GA",504,1018,-0.0035,-0.0006,0.0173,6726
2020-01-31,"Henderson, NC","NC",505,811,0.0049,0.0198,0.0051,13243
2020-01-31,"Harrison, AR","AR",506,867,0.0045,0.0008,-0.0051,7468
2020-01-31,"Shelbyville, TN","TN",507,1135,0.0082,0.0005,0.0336,16857
2020-01-31,"Duncan, OK","OK",508,618,-0.0036,-0.0265,-0.0511,16966
2020-01-31,"Marion, NC","NC",509,1113,-0.0083,0.0089,-0.0081,11414
2020-01-31,"Lewisburg, PA","PA",510,1153,0.0254,-0.0269,-0.0141,13700
2020-01-31,"Pullman, WA","WA",511,1251,0.0085,0.014,-0.0269,11840
2020-01-31,"Bemidji, MN","MN",512,1036,0.0114,-0.0331,-0.0615,16411
2020-01-31,"Mount Sterling, KY","KY",513,898,0.0079,-0.0027,0.022,8314
2020-01-31,"Ottumwa, IA","IA",514,832,0.0164,0.0218,-0.0023,16337
2020-01-31,"Pahrump, NV","NV",515,1149,0.0034,0.0224,0.0121,12006
2020-01-31,"Selma, AL","AL",516,805,0.0056,0.0099,0.0303,12219
2020-01-31,"Rock Springs, WY","WY",517,909,-0.0086,-0.06,-0.0078,12232
2020-01-31,"Bradford, PA","PA",518,893,0.0156,-0.0198,0.003,13684
2020-01-31,"Bardstown, KY","KY",519,921,0.0072,0.0113,-0.0069,16646
2020-01-31,"Cornelia, GA","GA",520,1310,-0.0095,0.0171,0.041,14680
2020-01-31,"Burley, ID","ID",521,979,-0.0192,-0.0398,0.0166,12869
2020-01-31,"Greenwood, MS","MS",522,905,-0.0023,-0.0022,0.006,11461
2020-01-31,"Poplar Bluff, MO","MO",523,750,-0.0078,-0.0179,-0.0011,16042
2020-01-31,"Muscatine, IA","IA",524,757,0.001,-0.0035,-0.027,15350
2020-01-31,"Durant, OK","OK",525,901,0.022,0.0335,-0.0082,10732
2020-01-31,"Seymour, IN","IN",526,996,0.0055,-0.023,0.0358,15090
2020-01-31,"Auburn, IN","IN",527,897,-0.028,0.0171,0.0115,14864
2020-01-31,"Sedalia, MO","MO",528,749,-0.0292,-0.0343,0.0279,17860
2020-01-31,"Paragould, AR","AR",529,748,0.0175,0.0153,-0.0325,7272
2020-01-31,"Wilmington, OH","OH",530,967,-0.0068,-0.011,0.0237,12488
2020-01-31,"Lawrenceburg, TN","TN",531,1028,0.0282,0.0396,0.0736,14560
2020-01-31,"El Dorado, AR","AR",532,809,0.0296,0.0083,0.0319,12937
2020-01-31,"Alexander City, AL","AL",533,963,0.003,0.015,0.0052,19203
2020-01-31,"Cedartown, GA","GA",534,1195,0.0099,0.0086,0.0667,14648
2020-01-31,"Port Clinton, OH","OH",535,1159,-0.0106,-0.0129,0.0192,23913
2020-01-31,"El Campo, TX","TX",536,1193,0.0123,0.0041,-0.0514,11785
2020-01-31,"Ellensburg, WA","WA",537,1378,-0.0053,-0.0335,-0.0232,18058
2020-01-31,"Jacksonville, IL","IL",538,949,0.0003,0.0139,0.0321,5413
2020-01-31,"Sandpoint, ID","ID",539,1353,-0.0117,-0.0481,0.0585,24105
2020-01-31,"Celina, OH","OH",540,1049,0.0109,0.0033,0.0346,14265
2020-01-31,"Garden City, KS","KS",541,965,0.0155,0.0235,0.0116,11341
2020-01-31,"Marshalltown, IA","IA",542,863,0.0182,0.025,-0.0007,13979
2020-01-31,"West Plains, MO","MO",543,816,-0.0144,-0.0061,0.0138,3715
2020-01-31,"Cullowhee, NC","NC",544,1001,-0.0082,-0.031,-0.1298,13748
2020-01-31,"Espa±ola, NM","NM",545,1150,0.0063,-0.036,-0.014,1499
2020-01-31,"Riverton, WY","WY",546,984,0.0033,0.0661,0.0859,11882
2020-01-31,"Urbana, OH","OH",547,988,-0.0041,-0.0075,0.0174,14731
2020-01-31,"Okeechobee, FL","FL",548,1371,0.0044,0.0265,-0.0078,9160
2020-01-31,"McMinnville, TN","TN",549,578,-0.01,-0.0662,-0.2275,13670
2020-01-31,"Centralia, IL","IL",550,905,-0.0074,-0.0233,-0.0219,1399
2020-01-31,"Berlin, NH","NH",551,1304,-0.0099,-0.0217,0.1031,19656
2020-01-31,"Lock Haven, PA","PA",552,906,-0.0114,-0.0094,-0.004,14051
2020-01-31,"Sikeston, MO","MO",553,829,0.0178,0.0282,0.0395,9515
2020-01-31,"Austin, MN","MN",554,764,-0.0016,-0.0249,-0.0767,15733
2020-01-31,"Clewiston, FL","FL",555,1353,0.0064,-0.0013,-0.0324,7927
2020-01-31,"Defiance, OH","OH",556,947,0.0052,0.0031,0.0357,14585
2020-01-31,"Logansport, IN","IN",557,814,-0.0236,-0.015,0.0146,13647
2020-01-31,"Pontiac, IL","IL",558,1154,0.0199,0.0314,0.1013,12512
2020-01-31,"Hannibal, MO","MO",559,860,-0.0004,0.0209,0.021,15409
2020-01-31,"Mount Vernon, IL","IL",560,1008,-0.0069,-0.0086,0.0137,1445
2020-01-31,"Union City, TN","TN",561,898,0.005,0.0232,0.0858,12844
2020-01-31,"Sault Ste. Marie, MI","MI",562,868,-0.0188,-0.0235,0.0103,1738
2020-01-31,"Vincennes, IN","IN",563,884,0.0055,0.0034,0.0461,13379
2020-01-31,"Gainesville, TX","TX",564,1298,-0.0039,0.0049,-0.0342,12642
2020-01-31,"Kill Devil Hills, NC","NC",565,1552,0.0136,0.058,0.1158,43512
2020-01-31,"Stephenville, TX","TX",566,1078,-0.0009,-0.0207,-0.0143,12274
2020-01-31,"Americus, GA","GA",567,1002,0.003,-0.0194,0.0435,10797
2020-01-31,"Easton, MD","MD",568,1583,-0.0203,-0.0162,0.0065,17048
2020-01-31,"Newberry, SC","SC",569,1199,0.0154,-0.0058,0.0916,5417
2020-01-31,"Ada, OK","OK",570,809,0.029,0.0252,0,12637
2020-01-31,"Moscow, ID","ID",571,943,-0.0043,-0.0387,-0.062,1144
2020-01-31,"Murray, KY","KY",572,877,-0.0103,-0.0347,-0.023,4868
2020-01-31,"Huntington, IN","IN",573,868,0.02,0.0091,0.0117,14491
2020-01-31,"Mayfield, KY","KY",574,818,-0.0259,-0.0286,-0.0061,8278
2020-01-31,"Canton, IL","IL",575,927,0.0198,0.017,0.0008,1011
2020-01-31,"Escanaba, MI","MI",576,979,0.011,0.034,0.0273,6675
2020-01-31,"Corinth, MS","MS",577,909,-0.0133,-0.0003,0.0626,10790
2020-01-31,"Astoria, OR","OR",578,1519,0.0013,0.0021,0.0143,20109
2020-01-31,"Peru, IN","IN",579,825,-0.0016,-0.0021,0.0181,12364
2020-01-31,"Coshocton, OH","OH",580,894,0.0022,-0.011,-0.0027,13645
2020-01-31,"Newton, IA","IA",581,921,0.0072,0.0187,-0.024,14505
2020-01-31,"Logan, WV","WV",582,758,-0.0044,-0.0237,-0.0304,10225
2020-01-31,"Fremont, NE","NE",583,959,-0.0025,0.0041,0.0376,13863
2020-01-31,"Batesville, AR","AR",584,807,-0.0155,0.0373,-0.0213,5319
2020-01-31,"Owatonna, MN","MN",585,1151,-0.0068,0.0138,0.0071,14054
2020-01-31,"Vidalia, GA","GA",586,992,-0.0019,-0.0134,0.0157,11013
2020-01-31,"Summit Park, UT","UT",587,2689,-0.0097,-0.0524,-0.0483,35173
2020-01-31,"Arkansas City-Winfield, KS","KS",588,784,-0.0045,-0.0239,0.0274,13168
2020-01-31,"Laramie, WY","WY",589,1069,-0.0084,0.0276,0.0847,12119
2020-01-31,"Plainview, TX","TX",590,1121,-0.0062,-0.0376,0.0311,2791
2020-01-31,"Big Spring, TX","TX",591,1203,0.0099,-0.008,-0.0106,12937
2020-01-31,"Laurinburg, NC","NC",592,985,0.025,0.0959,-0.0626,9376
2020-01-31,"Dixon, IL","IL",593,748,0.0055,0.0098,-0.0395,13527
2020-01-31,"Newport, TN","TN",594,938,-0.0156,-0.0416,0.0215,12469
2020-01-31,"Coffeyville, KS","KS",595,779,0.0127,-0.0011,0.0144,13823
2020-01-31,"Sulphur Springs, TX","TX",596,1251,-0.0149,-0.0014,-0.0177,22515
2020-01-31,"Arcadia, FL","FL",597,1388,0.0118,0.0143,-0.0012,7337
2020-01-31,"Decatur, IN","IN",598,958,-0.0147,-0.0716,0.0619,11023
2020-01-31,"Junction City, KS","KS",599,842,-0.0022,0.0173,-0.0352,10551
2020-01-31,"Effingham, IL","IL",600,1124,-0.001,-0.0062,0.0454,11995
2020-01-31,"Valley, AL","AL",601,875,0.0209,0.0235,0.0294,13249
2020-01-31,"Bonham, TX","TX",602,1218,0.0102,-0.0357,-0.03,11605
2020-01-31,"Dodge City, KS","KS",603,841,0.0012,0.0051,0.0248,9459
2020-01-31,"Brenham, TX","TX",604,1369,0.0198,0.0578,0.1138,10531
2020-01-31,"Pella, IA","IA",605,941,0.0049,0.0091,-0.0845,12737
2020-01-31,"Jackson, OH","OH",606,946,0.0286,-0.0035,0.034,10690
2020-01-31,"Taos, NM","NM",607,1200,-0.0074,-0.0199,0.0061,3089
2020-01-31,"Malvern, AR","AR",608,850,0.0109,0.0421,0.0864,10678
2020-01-31,"Wabash, IN","IN",609,865,0.0025,0.0005,0.0102,12103
2020-01-31,"Macomb, IL","IL",610,726,0.0032,0.0258,-0.0255,8515
2020-01-31,"Vernal, UT","UT",611,868,-0.0108,0.0193,0.0147,10240
2020-01-31,"Madison, IN","IN",612,911,-0.0028,-0.029,0.025,11755
2020-01-31,"Mount Pleasant, TX","TX",613,1255,-0.006,-0.0129,-0.014,9072
2020-01-31,"Paris, TN","TN",614,964,0.0223,0.0392,0.0551,11736
2020-01-31,"Columbus, NE","NE",615,930,0.0011,-0.0313,-0.1558,11523
2020-01-31,"Brookings, SD","SD",616,947,-0.0185,0.0284,-0.0339,10274
2020-01-31,"Beeville, TX","TX",617,1283,0.0024,-0.0053,0.0184,2305
2020-01-31,"Miami, OK","OK",618,816,-0.0006,0.0013,0.0358,10087
2020-01-31,"Dayton, TN","TN",619,948,-0.0252,-0.0286,0.0076,10967
2020-01-31,"Washington, IN","IN",620,938,-0.013,-0.0243,0.0632,10949
2020-01-31,"Hope, AR","AR",621,826,0.0216,0.0189,0.0535,10144
2020-01-31,"Central City, KY","KY",622,818,0.0097,0.0102,0.0035,5266
2020-01-31,"Camden, AR","AR",623,810,0.0254,0.0022,0.0431,10140
2020-01-31,"Juneau, AK","AK",624,1885,-0.0201,-0.002,0.047,9554
2020-01-31,"Lewisburg, TN","TN",625,1129,-0.0048,-0.0014,-0.0103,12000
2020-01-31,"Iron Mountain, MI","MI",626,931,0.0023,0.0064,0.0178,10648
2020-01-31,"Lincoln, IL","IL",627,921,0.0018,-0.0003,-0.0199,1043
2020-01-31,"Jesup, GA","GA",628,951,0.0057,0.0094,0.0277,8409
2020-01-31,"Kirksville, MO","MO",629,728,0.0002,-0.0038,-0.0998,9576
2020-01-31,"Eufaula, AL","AL",630,894,-0.016,0.0057,0.0008,6931
2020-01-31,"Alpena, MI","MI",631,854,-0.0009,0.0025,-0.0101,1688
2020-01-31,"Silver City, NM","NM",632,885,0.0256,0.0439,0.0707,6535
2020-01-31,"Indianola, MS","MS",633,808,-0.0002,0.0039,-0.0015,7289
2020-01-31,"Elkins, WV","WV",634,854,0.0001,0.0093,-0.0302,11530
2020-01-31,"Las Vegas, NM","NM",635,1134,-0.0209,-0.0044,0.0231,1479
2020-01-31,"McPherson, KS","KS",636,935,0.0121,0.0003,-0.0149,11124
2020-01-31,"Sheridan, WY","WY",637,1073,-0.0192,-0.0228,0.0605,14401
2020-01-31,"Washington Court House, OH","OH",638,936,-0.0071,-0.0026,0.004,10995
2020-01-31,"Van Wert, OH","OH",639,947,-0.0081,0.0082,0.0436,7969
2020-01-31,"Merrill, WI","WI",640,975,0.0134,0.0603,0.04,1370
2020-01-31,"Ludington, MI","MI",641,884,-0.0033,0.0417,-0.0439,1840
2020-01-31,"Middlesborough, KY","KY",642,839,0.0067,-0.0217,0.0016,4408
2020-01-31,"North Vernon, IN","IN",643,924,0.0024,-0.0219,0.0225,8755
2020-01-31,"Hays, KS","KS",644,880,0.0056,0.0208,-0.0428,10931
2020-01-31,"Forrest City, AR","AR",645,707,-0.0101,-0.0284,-0.0349,6083
2020-01-31,"Mineral Wells, TX","TX",646,1147,-0.0095,-0.0217,-0.0239,11394
2020-01-31,"Bastrop, LA","LA",647,922,0.0083,-0.0332,-0.1014,7735
2020-01-31,"Bainbridge, GA","GA",648,1094,0.0043,-0.0151,0.0978,9670
2020-01-31,"Wauchula, FL","FL",649,1369,0.0255,0.0173,-0.0103,5584
2020-01-31,"Hailey, ID","ID",650,1431,-0.001,0.0096,0.0545,17028
2020-01-31,"Weatherford, OK","OK",651,771,-0.0041,-0.0244,-0.113,8273
2020-01-31,"Watertown, SD","SD",652,992,0.0072,-0.0145,-0.0102,10257
2020-01-31,"Thomaston, GA","GA",653,999,-0.0115,-0.0067,0.0804,9685
2020-01-31,"Mountain Home, ID","ID",654,1021,0.014,-0.0162,0.0185,9686
2020-01-31,"Altus, OK","OK",655,785,0.0024,-0.063,-0.0213,9320
2020-01-31,"Uvalde, TX","TX",656,1217,0.0146,-0.0123,-0.0141,7488
2020-01-31,"Lexington, NE","NE",657,933,0.0145,0.0008,-0.0858,8750
2020-01-31,"Boone, IA","IA",658,761,-0.0093,0.0101,-0.0071,10528
2020-01-31,"Clarksdale, MS","MS",659,813,-0.0197,0.0029,-0.056,6234
2020-01-31,"Summerville, GA","GA",660,1022,0.0044,-0.009,0.0844,8287
2020-01-31,"Ottawa, KS","KS",661,892,-0.0044,-0.0223,-0.0356,10023
2020-01-31,"New Ulm, MN","MN",662,1227,-0.0048,-0.0045,0.0027,9707
2020-01-31,"Greensburg, IN","IN",663,961,-0.0041,-0.0629,-0.0266,9896
2020-01-31,"Mexico, MO","MO",664,837,0.0282,0.0109,-0.0003,9758
2020-01-31,"Moberly, MO","MO",665,864,-0.0061,-0.0064,0.0213,8821
2020-01-31,"The Dalles, OR","OR",666,1405,-0.0115,0.0637,0.0079,9271
2020-01-31,"Deming, NM","NM",667,830,-0.0062,-0.0028,-0.0339,1484
2020-01-31,"Fallon, NV","NV",668,1425,-0.0039,0.0017,0.0275,6573
2020-01-31,"Fredericksburg, TX","TX",669,1381,-0.0032,-0.08,-0.0769,9257
2020-01-31,"Magnolia, AR","AR",670,866,0.0215,0.0891,-0.0042,6145
2020-01-31,"Campbellsville, KY","KY",671,907,0.0168,0.014,0.0094,4538
2020-01-31,"Connersville, IN","IN",672,797,0.0003,-0.0045,0.0322,9224
2020-01-31,"Spearfish, SD","SD",673,953,-0.0004,-0.0027,-0.0208,12798
2020-01-31,"Heber, UT","UT",674,2245,-0.0019,0.0076,0.0524,16715
2020-01-31,"Cordele, GA","GA",675,960,-0.013,-0.0223,-0.0016,6787
2020-01-31,"Marshall, MO","MO",677,861,0.0129,0.0207,0.0121,1566
2020-01-31,"Maryville, MO","MO",676,894,0.0271,0.0676,0.1194,8269
2020-01-31,"Arkadelphia, AR","AR",678,846,-0.0026,-0.0129,0.0156,1764
2020-01-31,"Liberal, KS","KS",679,778,-0.002,-0.0059,-0.0156,5568
2020-01-31,"Williston, ND","ND",680,1294,-0.011,-0.0149,-0.0049,3054
2020-01-31,"Oskaloosa, IA","IA",681,881,0.0064,0.0239,-0.0202,8515
2020-01-31,"Brookings, OR","OR",682,1481,-0.0013,0.0224,0.0271,7875
2020-01-31,"Hood River, OR","OR",683,1689,-0.0023,-0.0029,0.0001,5924
2020-01-31,"Beatrice, NE","NE",684,914,-0.0027,-0.0021,-0.0286,8208
2020-01-31,"Borger, TX","TX",685,967,-0.0038,-0.0459,-0.0829,2922
2020-01-31,"Grenada, MS","MS",686,913,-0.0108,-0.0639,-0.054,7806
2020-01-31,"Parsons, KS","KS",687,760,0.0027,0.0126,0.0575,9493
2020-01-31,"Port Lavaca, TX","TX",688,1278,0.0054,0.0022,0.0056,8915
2020-01-31,"Worthington, MN","MN",689,1156,0.0287,0.0961,0.1877,2608
2020-01-31,"Pierre, SD","SD",690,944,0.0024,-0.0181,-0.058,5978
2020-01-31,"Evanston, WY","WY",691,1005,0.016,0.0246,-0.0545,6115
2020-01-31,"Carroll, IA","IA",692,919,0.0113,0.0015,-0.0061,8735
2020-01-31,"Guymon, OK","OK",693,899,0.0058,-0.0012,0.0477,4279
2020-01-31,"West Point, MS","MS",694,873,-0.0168,0.0192,0.0108,6684
2020-01-31,"Ruidoso, NM","NM",695,1072,0.0245,-0.0104,-0.0336,15308
2020-01-31,"Storm Lake, IA","IA",696,861,0.0008,0.0014,-0.0096,8008
2020-01-31,"Woodward, OK","OK",697,816,0.0032,-0.0105,-0.0391,6456
2020-01-31,"Portales, NM","NM",698,669,0.01,0.0121,-0.0465,4308
2020-01-31,"Brownsville, TN","TN",699,929,0.0161,0.017,0.0679,6368
2020-01-31,"Othello, WA","WA",700,1302,-0.0225,-0.0316,0.0038,3345
2020-01-31,"Los Alamos, NM","NM",701,1313,-0.0181,-0.0036,0.0311,8117
2020-01-31,"Fitzgerald, GA","GA",702,955,0.0009,-0.0341,0.0103,5454
2020-01-31,"Huron, SD","SD",703,903,0.0125,0.0015,0.0018,5149
2020-01-31,"Atchison, KS","KS",704,861,0.0206,0.0189,0.0096,6666
2020-01-31,"Snyder, TX","TX",705,1283,0.0077,0.004,0.0444,5552
2020-01-31,"Fairfield, IA","IA",706,857,0.0252,0.0412,0.0195,6759
2020-01-31,"Spencer, IA","IA",708,879,0.0103,0.0028,0.0027,7107
2020-01-31,"Spirit Lake, IA","IA",707,1083,0.0061,-0.0708,-0.0441,13044
2020-01-31,"Winnemucca, NV","NV",709,1336,0.0073,0.0153,0.0469,3517
2020-01-31,"Andrews, TX","TX",710,1367,0.002,-0.0015,0.062,5801
2020-01-31,"Zapata, TX","TX",711,1052,0.0173,-0.0058,0.0014,3502
2020-01-31,"Craig, CO","CO",712,1713,0.0043,0.0301,0.0999,4810
2020-01-31,"Ketchikan, AK","AK",713,1437,-0.0133,-0.0465,-0.0255,4588
